entity_name,zip_code,county,borough
Store 1,10001,Manhattan,Manhattan
Store 2,10001,Manhattan,Manhattan
Store 3,10001,Manhattan,Manhattan
Store 4,10001,Manhattan,Manhattan
Store 5,10001,Manhattan,Manhattan
Store 6,10001,Manhattan,Manhattan
Store 7,10001,Manhattan,Manhattan
Store 8,10001,Manhattan,Manhattan
Store 9,10001,Manhattan,Manhattan
Store 10,10001,Manhattan,Manhattan
Store 11,10001,Manhattan,Manhattan
Store 12,10001,Manhattan,Manhattan
Store 13,10001,Manhattan,Manhattan
Store 14,10001,Manhattan,Manhattan
Store 15,10002,Manhattan,Manhattan
Store 16,10002,Manhattan,Manhattan
Store 17,10002,Manhattan,Manhattan
Store 18,10002,Manhattan,Manhattan
Store 19,10002,Manhattan,Manhattan
Store 20,10002,Manhattan,Manhattan
Store 21,10002,Manhattan,Manhattan
Store 22,10002,Manhattan,Manhattan
Store 23,10002,Manhattan,Manhattan
Store 24,10002,Manhattan,Manhattan
Store 25,10002,Manhattan,Manhattan
Store 26,10003,Manhattan,Manhattan
Store 27,10003,Manhattan,Manhattan
Store 28,10003,Manhattan,Manhattan
Store 29,10003,Manhattan,Manhattan
Store 30,10003,Manhattan,Manhattan
Store 31,10003,Manhattan,Manhattan
Store 32,10003,Manhattan,Manhattan
Store 33,10003,Manhattan,Manhattan
Store 34,10003,Manhattan,Manhattan
Store 35,10003,Manhattan,Manhattan
Store 36,10003,Manhattan,Manhattan
Store 37,10003,Manhattan,Manhattan
Store 38,10003,Manhattan,Manhattan
Store 39,10003,Manhattan,Manhattan
Store 40,10003,Manhattan,Manhattan
Store 41,10003,Manhattan,Manhattan
Store 42,10003,Manhattan,Manhattan
Store 43,10003,Manhattan,Manhattan
Store 44,10004,Manhattan,Manhattan
Store 45,10004,Manhattan,Manhattan
Store 46,10004,Manhattan,Manhattan
Store 47,10004,Manhattan,Manhattan
Store 48,10004,Manhattan,Manhattan
Store 49,10004,Manhattan,Manhattan
Store 50,10004,Manhattan,Manhattan
Store 51,10004,Manhattan,Manhattan
Store 52,10004,Manhattan,Manhattan
Store 53,10004,Manhattan,Manhattan
Store 54,10004,Manhattan,Manhattan
Store 55,10004,Manhattan,Manhattan
Store 56,10004,Manhattan,Manhattan
Store 57,10004,Manhattan,Manhattan
Store 58,10004,Manhattan,Manhattan
Store 59,10005,Manhattan,Manhattan
Store 60,10005,Manhattan,Manhattan
Store 61,10005,Manhattan,Manhattan
Store 62,10005,Manhattan,Manhattan
Store 63,10005,Manhattan,Manhattan
Store 64,10005,Manhattan,Manhattan
Store 65,10005,Manhattan,Manhattan
Store 66,10005,Manhattan,Manhattan
Store 67,10005,Manhattan,Manhattan
Store 68,10005,Manhattan,Manhattan
Store 69,10005,Manhattan,Manhattan
Store 70,10005,Manhattan,Manhattan
Store 71,10006,Manhattan,Manhattan
Store 72,10006,Manhattan,Manhattan
Store 73,10006,Manhattan,Manhattan
Store 74,10006,Manhattan,Manhattan
Store 75,10006,Manhattan,Manhattan
Store 76,10006,Manhattan,Manhattan
Store 77,10006,Manhattan,Manhattan
Store 78,10006,Manhattan,Manhattan
Store 79,10006,Manhattan,Manhattan
Store 80,10006,Manhattan,Manhattan
Store 81,10006,Manhattan,Manhattan
Store 82,10006,Manhattan,Manhattan
Store 83,10006,Manhattan,Manhattan
Store 84,10006,Manhattan,Manhattan
Store 85,10007,Manhattan,Manhattan
Store 86,10007,Manhattan,Manhattan
Store 87,10007,Manhattan,Manhattan
Store 88,10007,Manhattan,Manhattan
Store 89,10007,Manhattan,Manhattan
Store 90,10007,Manhattan,Manhattan
Store 91,10007,Manhattan,Manhattan
Store 92,10007,Manhattan,Manhattan
Store 93,10007,Manhattan,Manhattan
Store 94,10007,Manhattan,Manhattan
Store 95,10007,Manhattan,Manhattan
Store 96,10007,Manhattan,Manhattan
Store 97,10007,Manhattan,Manhattan
Store 98,10007,Manhattan,Manhattan
Store 99,10007,Manhattan,Manhattan
Store 100,10007,Manhattan,Manhattan
Store 101,10007,Manhattan,Manhattan
Store 102,10009,Manhattan,Manhattan
Store 103,10009,Manhattan,Manhattan
Store 104,10009,Manhattan,Manhattan
Store 105,10009,Manhattan,Manhattan
Store 106,10009,Manhattan,Manhattan
Store 107,10009,Manhattan,Manhattan
Store 108,10009,Manhattan,Manhattan
Store 109,10009,Manhattan,Manhattan
Store 110,10009,Manhattan,Manhattan
Store 111,10009,Manhattan,Manhattan
Store 112,10010,Manhattan,Manhattan
Store 113,10010,Manhattan,Manhattan
Store 114,10010,Manhattan,Manhattan
Store 115,10010,Manhattan,Manhattan
Store 116,10010,Manhattan,Manhattan
Store 117,10010,Manhattan,Manhattan
Store 118,10010,Manhattan,Manhattan
Store 119,10010,Manhattan,Manhattan
Store 120,10010,Manhattan,Manhattan
Store 121,10010,Manhattan,Manhattan
Store 122,10010,Manhattan,Manhattan
Store 123,10010,Manhattan,Manhattan
Store 124,10010,Manhattan,Manhattan
Store 125,10010,Manhattan,Manhattan
Store 126,10011,Manhattan,Manhattan
Store 127,10011,Manhattan,Manhattan
Store 128,10011,Manhattan,Manhattan
Store 129,10011,Manhattan,Manhattan
Store 130,10011,Manhattan,Manhattan
Store 131,10011,Manhattan,Manhattan
Store 132,10011,Manhattan,Manhattan
Store 133,10011,Manhattan,Manhattan
Store 134,10011,Manhattan,Manhattan
Store 135,10011,Manhattan,Manhattan
Store 136,10011,Manhattan,Manhattan
Store 137,10011,Manhattan,Manhattan
Store 138,10011,Manhattan,Manhattan
Store 139,10011,Manhattan,Manhattan
Store 140,10011,Manhattan,Manhattan
Store 141,10011,Manhattan,Manhattan
Store 142,10011,Manhattan,Manhattan
Store 143,10011,Manhattan,Manhattan
Store 144,10012,Manhattan,Manhattan
Store 145,10012,Manhattan,Manhattan
Store 146,10012,Manhattan,Manhattan
Store 147,10012,Manhattan,Manhattan
Store 148,10012,Manhattan,Manhattan
Store 149,10012,Manhattan,Manhattan
Store 150,10012,Manhattan,Manhattan
Store 151,10012,Manhattan,Manhattan
Store 152,10012,Manhattan,Manhattan
Store 153,10012,Manhattan,Manhattan
Store 154,10012,Manhattan,Manhattan
Store 155,10012,Manhattan,Manhattan
Store 156,10012,Manhattan,Manhattan
Store 157,10012,Manhattan,Manhattan
Store 158,10012,Manhattan,Manhattan
Store 159,10012,Manhattan,Manhattan
Store 160,10012,Manhattan,Manhattan
Store 161,10012,Manhattan,Manhattan
Store 162,10013,Manhattan,Manhattan
Store 163,10013,Manhattan,Manhattan
Store 164,10013,Manhattan,Manhattan
Store 165,10013,Manhattan,Manhattan
Store 166,10013,Manhattan,Manhattan
Store 167,10013,Manhattan,Manhattan
Store 168,10013,Manhattan,Manhattan
Store 169,10013,Manhattan,Manhattan
Store 170,10013,Manhattan,Manhattan
Store 171,10013,Manhattan,Manhattan
Store 172,10013,Manhattan,Manhattan
Store 173,10013,Manhattan,Manhattan
Store 174,10013,Manhattan,Manhattan
Store 175,10013,Manhattan,Manhattan
Store 176,10013,Manhattan,Manhattan
Store 177,10014,Manhattan,Manhattan
Store 178,10014,Manhattan,Manhattan
Store 179,10014,Manhattan,Manhattan
Store 180,10014,Manhattan,Manhattan
Store 181,10014,Manhattan,Manhattan
Store 182,10014,Manhattan,Manhattan
Store 183,10014,Manhattan,Manhattan
Store 184,10014,Manhattan,Manhattan
Store 185,10014,Manhattan,Manhattan
Store 186,10014,Manhattan,Manhattan
Store 187,10014,Manhattan,Manhattan
Store 188,10014,Manhattan,Manhattan
Store 189,10016,Manhattan,Manhattan
Store 190,10016,Manhattan,Manhattan
Store 191,10016,Manhattan,Manhattan
Store 192,10016,Manhattan,Manhattan
Store 193,10016,Manhattan,Manhattan
Store 194,10016,Manhattan,Manhattan
Store 195,10016,Manhattan,Manhattan
Store 196,10016,Manhattan,Manhattan
Store 197,10016,Manhattan,Manhattan
Store 198,10016,Manhattan,Manhattan
Store 199,10016,Manhattan,Manhattan
Store 200,10017,Manhattan,Manhattan
Store 201,10017,Manhattan,Manhattan
Store 202,10017,Manhattan,Manhattan
Store 203,10017,Manhattan,Manhattan
Store 204,10017,Manhattan,Manhattan
Store 205,10017,Manhattan,Manhattan
Store 206,10017,Manhattan,Manhattan
Store 207,10017,Manhattan,Manhattan
Store 208,10017,Manhattan,Manhattan
Store 209,10017,Manhattan,Manhattan
Store 210,10017,Manhattan,Manhattan
Store 211,10017,Manhattan,Manhattan
Store 212,10017,Manhattan,Manhattan
Store 213,10017,Manhattan,Manhattan
Store 214,10017,Manhattan,Manhattan
Store 215,10018,Manhattan,Manhattan
Store 216,10018,Manhattan,Manhattan
Store 217,10018,Manhattan,Manhattan
Store 218,10018,Manhattan,Manhattan
Store 219,10018,Manhattan,Manhattan
Store 220,10018,Manhattan,Manhattan
Store 221,10018,Manhattan,Manhattan
Store 222,10018,Manhattan,Manhattan
Store 223,10018,Manhattan,Manhattan
Store 224,10018,Manhattan,Manhattan
Store 225,10018,Manhattan,Manhattan
Store 226,10018,Manhattan,Manhattan
Store 227,10018,Manhattan,Manhattan
Store 228,10018,Manhattan,Manhattan
Store 229,10018,Manhattan,Manhattan
Store 230,10019,Manhattan,Manhattan
Store 231,10019,Manhattan,Manhattan
Store 232,10019,Manhattan,Manhattan
Store 233,10019,Manhattan,Manhattan
Store 234,10019,Manhattan,Manhattan
Store 235,10019,Manhattan,Manhattan
Store 236,10019,Manhattan,Manhattan
Store 237,10019,Manhattan,Manhattan
Store 238,10019,Manhattan,Manhattan
Store 239,10019,Manhattan,Manhattan
Store 240,10020,Manhattan,Manhattan
Store 241,10020,Manhattan,Manhattan
Store 242,10020,Manhattan,Manhattan
Store 243,10020,Manhattan,Manhattan
Store 244,10020,Manhattan,Manhattan
Store 245,10020,Manhattan,Manhattan
Store 246,10020,Manhattan,Manhattan
Store 247,10020,Manhattan,Manhattan
Store 248,10020,Manhattan,Manhattan
Store 249,10020,Manhattan,Manhattan
Store 250,10020,Manhattan,Manhattan
Store 251,10020,Manhattan,Manhattan
Store 252,10020,Manhattan,Manhattan
Store 253,10021,Manhattan,Manhattan
Store 254,10021,Manhattan,Manhattan
Store 255,10021,Manhattan,Manhattan
Store 256,10021,Manhattan,Manhattan
Store 257,10021,Manhattan,Manhattan
Store 258,10021,Manhattan,Manhattan
Store 259,10021,Manhattan,Manhattan
Store 260,10021,Manhattan,Manhattan
Store 261,10021,Manhattan,Manhattan
Store 262,10021,Manhattan,Manhattan
Store 263,10021,Manhattan,Manhattan
Store 264,10021,Manhattan,Manhattan
Store 265,10022,Manhattan,Manhattan
Store 266,10022,Manhattan,Manhattan
Store 267,10022,Manhattan,Manhattan
Store 268,10022,Manhattan,Manhattan
Store 269,10022,Manhattan,Manhattan
Store 270,10022,Manhattan,Manhattan
Store 271,10022,Manhattan,Manhattan
Store 272,10022,Manhattan,Manhattan
Store 273,10022,Manhattan,Manhattan
Store 274,10451,Bronx,Bronx
Store 275,10451,Bronx,Bronx
Store 276,10451,Bronx,Bronx
Store 277,10451,Bronx,Bronx
Store 278,10452,Bronx,Bronx
Store 279,10452,Bronx,Bronx
Store 280,10452,Bronx,Bronx
Store 281,10452,Bronx,Bronx
Store 282,10452,Bronx,Bronx
Store 283,10452,Bronx,Bronx
Store 284,10453,Bronx,Bronx
Store 285,10453,Bronx,Bronx
Store 286,10453,Bronx,Bronx
Store 287,10453,Bronx,Bronx
Store 288,10453,Bronx,Bronx
Store 289,10453,Bronx,Bronx
Store 290,10454,Bronx,Bronx
Store 291,10454,Bronx,Bronx
Store 292,10455,Bronx,Bronx
Store 293,10455,Bronx,Bronx
Store 294,10455,Bronx,Bronx
Store 295,10455,Bronx,Bronx
Store 296,10456,Bronx,Bronx
Store 297,10456,Bronx,Bronx
Store 298,10456,Bronx,Bronx
Store 299,10456,Bronx,Bronx
Store 300,10456,Bronx,Bronx
Store 301,10457,Bronx,Bronx
Store 302,10458,Bronx,Bronx
Store 303,10458,Bronx,Bronx
Store 304,10458,Bronx,Bronx
Store 305,10458,Bronx,Bronx
Store 306,10459,Bronx,Bronx
Store 307,10459,Bronx,Bronx
Store 308,10460,Bronx,Bronx
Store 309,10460,Bronx,Bronx
Store 310,10460,Bronx,Bronx
Store 311,10460,Bronx,Bronx
Store 312,10460,Bronx,Bronx
Store 313,10460,Bronx,Bronx
Store 314,10461,Bronx,Bronx
Store 315,10461,Bronx,Bronx
Store 316,10461,Bronx,Bronx
Store 317,10461,Bronx,Bronx
Store 318,10461,Bronx,Bronx
Store 319,10462,Bronx,Bronx
Store 320,10462,Bronx,Bronx
Store 321,10462,Bronx,Bronx
Store 322,10462,Bronx,Bronx
Store 323,10463,Bronx,Bronx
Store 324,10464,Bronx,Bronx
Store 325,10465,Bronx,Bronx
Store 326,10465,Bronx,Bronx
Store 327,10465,Bronx,Bronx
Store 328,10466,Bronx,Bronx
Store 329,10466,Bronx,Bronx
Store 330,10466,Bronx,Bronx
Store 331,10467,Bronx,Bronx
Store 332,10467,Bronx,Bronx
Store 333,10467,Bronx,Bronx
Store 334,10467,Bronx,Bronx
Store 335,10467,Bronx,Bronx
Store 336,10467,Bronx,Bronx
Store 337,10467,Bronx,Bronx
Store 338,10468,Bronx,Bronx
Store 339,10468,Bronx,Bronx
Store 340,10469,Bronx,Bronx
Store 341,10469,Bronx,Bronx
Store 342,10469,Bronx,Bronx
Store 343,10469,Bronx,Bronx
Store 344,10470,Bronx,Bronx
Store 345,10470,Bronx,Bronx
Store 346,10470,Bronx,Bronx
Store 347,10470,Bronx,Bronx
Store 348,11201,Brooklyn,Brooklyn
Store 349,11201,Brooklyn,Brooklyn
Store 350,11201,Brooklyn,Brooklyn
Store 351,11201,Brooklyn,Brooklyn
Store 352,11201,Brooklyn,Brooklyn
Store 353,11202,Brooklyn,Brooklyn
Store 354,11202,Brooklyn,Brooklyn
Store 355,11202,Brooklyn,Brooklyn
Store 356,11202,Brooklyn,Brooklyn
Store 357,11202,Brooklyn,Brooklyn
Store 358,11202,Brooklyn,Brooklyn
Store 359,11202,Brooklyn,Brooklyn
Store 360,11202,Brooklyn,Brooklyn
Store 361,11202,Brooklyn,Brooklyn
Store 362,11203,Brooklyn,Brooklyn
Store 363,11203,Brooklyn,Brooklyn
Store 364,11203,Brooklyn,Brooklyn
Store 365,11203,Brooklyn,Brooklyn
Store 366,11203,Brooklyn,Brooklyn
Store 367,11203,Brooklyn,Brooklyn
Store 368,11204,Brooklyn,Brooklyn
Store 369,11204,Brooklyn,Brooklyn
Store 370,11204,Brooklyn,Brooklyn
Store 371,11204,Brooklyn,Brooklyn
Store 372,11204,Brooklyn,Brooklyn
Store 373,11204,Brooklyn,Brooklyn
Store 374,11204,Brooklyn,Brooklyn
Store 375,11204,Brooklyn,Brooklyn
Store 376,11204,Brooklyn,Brooklyn
Store 377,11204,Brooklyn,Brooklyn
Store 378,11204,Brooklyn,Brooklyn
Store 379,11205,Brooklyn,Brooklyn
Store 380,11205,Brooklyn,Brooklyn
Store 381,11205,Brooklyn,Brooklyn
Store 382,11205,Brooklyn,Brooklyn
Store 383,11205,Brooklyn,Brooklyn
Store 384,11206,Brooklyn,Brooklyn
Store 385,11206,Brooklyn,Brooklyn
Store 386,11206,Brooklyn,Brooklyn
Store 387,11206,Brooklyn,Brooklyn
Store 388,11206,Brooklyn,Brooklyn
Store 389,11206,Brooklyn,Brooklyn
Store 390,11206,Brooklyn,Brooklyn
Store 391,11207,Brooklyn,Brooklyn
Store 392,11207,Brooklyn,Brooklyn
Store 393,11207,Brooklyn,Brooklyn
Store 394,11207,Brooklyn,Brooklyn
Store 395,11207,Brooklyn,Brooklyn
Store 396,11208,Brooklyn,Brooklyn
Store 397,11208,Brooklyn,Brooklyn
Store 398,11208,Brooklyn,Brooklyn
Store 399,11208,Brooklyn,Brooklyn
Store 400,11208,Brooklyn,Brooklyn
Store 401,11208,Brooklyn,Brooklyn
Store 402,11208,Brooklyn,Brooklyn
Store 403,11208,Brooklyn,Brooklyn
Store 404,11208,Brooklyn,Brooklyn
Store 405,11209,Brooklyn,Brooklyn
Store 406,11209,Brooklyn,Brooklyn
Store 407,11209,Brooklyn,Brooklyn
Store 408,11209,Brooklyn,Brooklyn
Store 409,11209,Brooklyn,Brooklyn
Store 410,11209,Brooklyn,Brooklyn
Store 411,11209,Brooklyn,Brooklyn
Store 412,11210,Brooklyn,Brooklyn
Store 413,11210,Brooklyn,Brooklyn
Store 414,11210,Brooklyn,Brooklyn
Store 415,11210,Brooklyn,Brooklyn
Store 416,11210,Brooklyn,Brooklyn
Store 417,11210,Brooklyn,Brooklyn
Store 418,11210,Brooklyn,Brooklyn
Store 419,11210,Brooklyn,Brooklyn
Store 420,11210,Brooklyn,Brooklyn
Store 421,11210,Brooklyn,Brooklyn
Store 422,11210,Brooklyn,Brooklyn
Store 423,11211,Brooklyn,Brooklyn
Store 424,11211,Brooklyn,Brooklyn
Store 425,11211,Brooklyn,Brooklyn
Store 426,11211,Brooklyn,Brooklyn
Store 427,11211,Brooklyn,Brooklyn
Store 428,11211,Brooklyn,Brooklyn
Store 429,11211,Brooklyn,Brooklyn
Store 430,11211,Brooklyn,Brooklyn
Store 431,11211,Brooklyn,Brooklyn
Store 432,11212,Brooklyn,Brooklyn
Store 433,11212,Brooklyn,Brooklyn
Store 434,11212,Brooklyn,Brooklyn
Store 435,11212,Brooklyn,Brooklyn
Store 436,11213,Brooklyn,Brooklyn
Store 437,11213,Brooklyn,Brooklyn
Store 438,11213,Brooklyn,Brooklyn
Store 439,11213,Brooklyn,Brooklyn
Store 440,11213,Brooklyn,Brooklyn
Store 441,11213,Brooklyn,Brooklyn
Store 442,11214,Brooklyn,Brooklyn
Store 443,11214,Brooklyn,Brooklyn
Store 444,11214,Brooklyn,Brooklyn
Store 445,11214,Brooklyn,Brooklyn
Store 446,11214,Brooklyn,Brooklyn
Store 447,11214,Brooklyn,Brooklyn
Store 448,11214,Brooklyn,Brooklyn
Store 449,11214,Brooklyn,Brooklyn
Store 450,11214,Brooklyn,Brooklyn
Store 451,11214,Brooklyn,Brooklyn
Store 452,11214,Brooklyn,Brooklyn
Store 453,11215,Brooklyn,Brooklyn
Store 454,11215,Brooklyn,Brooklyn
Store 455,11215,Brooklyn,Brooklyn
Store 456,11215,Brooklyn,Brooklyn
Store 457,11216,Brooklyn,Brooklyn
Store 458,11216,Brooklyn,Brooklyn
Store 459,11216,Brooklyn,Brooklyn
Store 460,11216,Brooklyn,Brooklyn
Store 461,11216,Brooklyn,Brooklyn
Store 462,11216,Brooklyn,Brooklyn
Store 463,11216,Brooklyn,Brooklyn
Store 464,11216,Brooklyn,Brooklyn
Store 465,11216,Brooklyn,Brooklyn
Store 466,11216,Brooklyn,Brooklyn
Store 467,11216,Brooklyn,Brooklyn
Store 468,11217,Brooklyn,Brooklyn
Store 469,11217,Brooklyn,Brooklyn
Store 470,11217,Brooklyn,Brooklyn
Store 471,11217,Brooklyn,Brooklyn
Store 472,11217,Brooklyn,Brooklyn
Store 473,11217,Brooklyn,Brooklyn
Store 474,11217,Brooklyn,Brooklyn
Store 475,11218,Brooklyn,Brooklyn
Store 476,11218,Brooklyn,Brooklyn
Store 477,11218,Brooklyn,Brooklyn
Store 478,11218,Brooklyn,Brooklyn
Store 479,11219,Brooklyn,Brooklyn
Store 480,11219,Brooklyn,Brooklyn
Store 481,11219,Brooklyn,Brooklyn
Store 482,11219,Brooklyn,Brooklyn
Store 483,11219,Brooklyn,Brooklyn
Store 484,11219,Brooklyn,Brooklyn
Store 485,11220,Brooklyn,Brooklyn
Store 486,11220,Brooklyn,Brooklyn
Store 487,11220,Brooklyn,Brooklyn
Store 488,11220,Brooklyn,Brooklyn
Store 489,11220,Brooklyn,Brooklyn
Store 490,11220,Brooklyn,Brooklyn
Store 491,11220,Brooklyn,Brooklyn
Store 492,11220,Brooklyn,Brooklyn
Store 493,11220,Brooklyn,Brooklyn
Store 494,11101,Queens,Queens
Store 495,11101,Queens,Queens
Store 496,11101,Queens,Queens
Store 497,11101,Queens,Queens
Store 498,11101,Queens,Queens
Store 499,11102,Queens,Queens
Store 500,11102,Queens,Queens
Store 501,11102,Queens,Queens
Store 502,11102,Queens,Queens
Store 503,11102,Queens,Queens
Store 504,11102,Queens,Queens
Store 505,11103,Queens,Queens
Store 506,11103,Queens,Queens
Store 507,11103,Queens,Queens
Store 508,11103,Queens,Queens
Store 509,11103,Queens,Queens
Store 510,11103,Queens,Queens
Store 511,11103,Queens,Queens
Store 512,11103,Queens,Queens
Store 513,11103,Queens,Queens
Store 514,11104,Queens,Queens
Store 515,11104,Queens,Queens
Store 516,11104,Queens,Queens
Store 517,11104,Queens,Queens
Store 518,11104,Queens,Queens
Store 519,11104,Queens,Queens
Store 520,11104,Queens,Queens
Store 521,11104,Queens,Queens
Store 522,11105,Queens,Queens
Store 523,11105,Queens,Queens
Store 524,11105,Queens,Queens
Store 525,11105,Queens,Queens
Store 526,11106,Queens,Queens
Store 527,11106,Queens,Queens
Store 528,11106,Queens,Queens
Store 529,11106,Queens,Queens
Store 530,11106,Queens,Queens
Store 531,11106,Queens,Queens
Store 532,11106,Queens,Queens
Store 533,11354,Queens,Queens
Store 534,11354,Queens,Queens
Store 535,11355,Queens,Queens
Store 536,11355,Queens,Queens
Store 537,11355,Queens,Queens
Store 538,11355,Queens,Queens
Store 539,11355,Queens,Queens
Store 540,11356,Queens,Queens
Store 541,11356,Queens,Queens
Store 542,11356,Queens,Queens
Store 543,11357,Queens,Queens
Store 544,11357,Queens,Queens
Store 545,11357,Queens,Queens
Store 546,11357,Queens,Queens
Store 547,11357,Queens,Queens
Store 548,11357,Queens,Queens
Store 549,11357,Queens,Queens
Store 550,11357,Queens,Queens
Store 551,11357,Queens,Queens
Store 552,11358,Queens,Queens
Store 553,11358,Queens,Queens
Store 554,11358,Queens,Queens
Store 555,11358,Queens,Queens
Store 556,11358,Queens,Queens
Store 557,11359,Queens,Queens
Store 558,11359,Queens,Queens
Store 559,11359,Queens,Queens
Store 560,11360,Queens,Queens
Store 561,11360,Queens,Queens
Store 562,11360,Queens,Queens
Store 563,11360,Queens,Queens
Store 564,11360,Queens,Queens
Store 565,11360,Queens,Queens
Store 566,11360,Queens,Queens
Store 567,11361,Queens,Queens
Store 568,11361,Queens,Queens
Store 569,11361,Queens,Queens
Store 570,11361,Queens,Queens
Store 571,11361,Queens,Queens
Store 572,11361,Queens,Queens
Store 573,11361,Queens,Queens
Store 574,11362,Queens,Queens
Store 575,11362,Queens,Queens
Store 576,11362,Queens,Queens
Store 577,11362,Queens,Queens
Store 578,11362,Queens,Queens
Store 579,11362,Queens,Queens
Store 580,11362,Queens,Queens
Store 581,11363,Queens,Queens
Store 582,11363,Queens,Queens
Store 583,11363,Queens,Queens
Store 584,11364,Queens,Queens
Store 585,11364,Queens,Queens
Store 586,11364,Queens,Queens
Store 587,11364,Queens,Queens
Store 588,11364,Queens,Queens
Store 589,11365,Queens,Queens
Store 590,11365,Queens,Queens
Store 591,11365,Queens,Queens
Store 592,11365,Queens,Queens
Store 593,11365,Queens,Queens
Store 594,11365,Queens,Queens
Store 595,11365,Queens,Queens
Store 596,11366,Queens,Queens
Store 597,11366,Queens,Queens
Store 598,11366,Queens,Queens
Store 599,11366,Queens,Queens
Store 600,11366,Queens,Queens
Store 601,11366,Queens,Queens
Store 602,11367,Queens,Queens
Store 603,11367,Queens,Queens
Store 604,11367,Queens,Queens
Store 605,11367,Queens,Queens
Store 606,11367,Queens,Queens
Store 607,11367,Queens,Queens
Store 608,11367,Queens,Queens
Store 609,11367,Queens,Queens
Store 610,10301,Staten Island,Staten Island
Store 611,10301,Staten Island,Staten Island
Store 612,10301,Staten Island,Staten Island
Store 613,10302,Staten Island,Staten Island
Store 614,10302,Staten Island,Staten Island
Store 615,10302,Staten Island,Staten Island
Store 616,10303,Staten Island,Staten Island
Store 617,10303,Staten Island,Staten Island
Store 618,10303,Staten Island,Staten Island
Store 619,10303,Staten Island,Staten Island
Store 620,10303,Staten Island,Staten Island
Store 621,10304,Staten Island,Staten Island
Store 622,10304,Staten Island,Staten Island
Store 623,10304,Staten Island,Staten Island
Store 624,10305,Staten Island,Staten Island
Store 625,10305,Staten Island,Staten Island
Store 626,10305,Staten Island,Staten Island
Store 627,10306,Staten Island,Staten Island
Store 628,10306,Staten Island,Staten Island
Store 629,10306,Staten Island,Staten Island
Store 630,10306,Staten Island,Staten Island
Store 631,10306,Staten Island,Staten Island
Store 632,10307,Staten Island,Staten Island
Store 633,10307,Staten Island,Staten Island
Store 634,10307,Staten Island,Staten Island
Store 635,10307,Staten Island,Staten Island
Store 636,10307,Staten Island,Staten Island
Store 637,10308,Staten Island,Staten Island
Store 638,10308,Staten Island,Staten Island
Store 639,10309,Staten Island,Staten Island
Store 640,10309,Staten Island,Staten Island
Store 641,10309,Staten Island,Staten Island
Store 642,10309,Staten Island,Staten Island
Store 643,10309,Staten Island,Staten Island
Store 644,10309,Staten Island,Staten Island
Store 645,10310,Staten Island,Staten Island
Store 646,10310,Staten Island,Staten Island
Store 647,10310,Staten Island,Staten Island
Store 648,10310,Staten Island,Staten Island
Store 649,10310,Staten Island,Staten Island
Store 650,10310,Staten Island,Staten Island
