gvkey,gsector,sic,sector_name,source
100243,15,2670,Materials,GICS (WRDS)
104432,25,4400,Consumer Discretionary,GICS (WRDS)
105365,60,6798,Real Estate,GICS (WRDS)
110179,60,6798,Real Estate,GICS (WRDS)
111864,45,7370,Information Technology,GICS (WRDS)
112111,60,7370,Real Estate,GICS (WRDS)
112168,20,4953,Industrials,GICS (WRDS)
113490,60,6798,Real Estate,GICS (WRDS)
114524,25,5961,Consumer Discretionary,GICS (WRDS)
114628,40,6211,Financials,GICS (WRDS)
117768,45,3674,Information Technology,GICS (WRDS)
118122,25,3714,Consumer Discretionary,GICS (WRDS)
119314,25,4700,Consumer Discretionary,GICS (WRDS)
121077,45,7373,Information Technology,GICS (WRDS)
121382,60,6798,Real Estate,GICS (WRDS)
122380,20,3585,Industrials,GICS (WRDS)
124434,40,6282,Financials,GICS (WRDS)
125240,50,7900,Communication Services,GICS (WRDS)
125595,45,7370,Information Technology,GICS (WRDS)
126136,50,4841,Communication Services,GICS (WRDS)
126296,25,4700,Consumer Discretionary,GICS (WRDS)
126554,35,3826,Health Care,GICS (WRDS)
126721,45,3812,Information Technology,GICS (WRDS)
128978,15,2650,Materials,GICS (WRDS)
133366,35,3842,Health Care,GICS (WRDS)
133768,40,6311,Financials,GICS (WRDS)
134932,45,3674,Information Technology,GICS (WRDS)
135990,55,4911,Utilities,GICS (WRDS)
136725,35,3845,Health Care,GICS (WRDS)
137131,35,8731,Health Care,GICS (WRDS)
138743,60,6798,Real Estate,GICS (WRDS)
139665,40,7323,Financials,GICS (WRDS)
140541,25,3100,Consumer Discretionary,GICS (WRDS)
141384,35,3843,Health Care,GICS (WRDS)
141459,25,3812,Consumer Discretionary,GICS (WRDS)
141913,40,7374,Financials,GICS (WRDS)
142953,30,2052,Consumer Staples,GICS (WRDS)
143356,40,6311,Financials,GICS (WRDS)
143357,45,8742,Information Technology,GICS (WRDS)
143912,20,3480,Industrials,GICS (WRDS)
144009,40,6411,Financials,GICS (WRDS)
144435,30,2040,Consumer Staples,GICS (WRDS)
144559,35,3842,Health Care,GICS (WRDS)
145046,35,6324,Health Care,GICS (WRDS)
145552,35,6324,Health Care,GICS (WRDS)
145701,40,6282,Financials,GICS (WRDS)
147579,50,7841,Communication Services,GICS (WRDS)
148349,20,3728,Industrials,GICS (WRDS)
149070,40,6200,Financials,GICS (WRDS)
149318,25,7990,Consumer Discretionary,GICS (WRDS)
149337,40,6200,Financials,GICS (WRDS)
150937,45,3572,Information Technology,GICS (WRDS)
157057,40,6351,Financials,GICS (WRDS)
157373,55,4911,Utilities,GICS (WRDS)
157855,45,7372,Information Technology,GICS (WRDS)
160211,25,5812,Consumer Discretionary,GICS (WRDS)
160225,40,7389,Financials,GICS (WRDS)
160329,50,7370,Communication Services,GICS (WRDS)
160479,60,6798,Real Estate,GICS (WRDS)
160888,45,3674,Information Technology,GICS (WRDS)
160991,60,6798,Real Estate,GICS (WRDS)
161844,25,7990,Consumer Discretionary,GICS (WRDS)
162129,15,2870,Materials,GICS (WRDS)
162887,35,3845,Health Care,GICS (WRDS)
163036,20,2452,Industrials,GICS (WRDS)
163610,40,6200,Financials,GICS (WRDS)
163946,15,2870,Materials,GICS (WRDS)
164296,50,4841,Communication Services,GICS (WRDS)
164708,40,6282,Financials,GICS (WRDS)
165123,20,7373,Industrials,GICS (WRDS)
165746,50,7900,Communication Services,GICS (WRDS)
165914,25,5812,Consumer Discretionary,GICS (WRDS)
165993,40,7374,Financials,GICS (WRDS)
170617,50,7370,Communication Services,GICS (WRDS)
170750,10,1311,Energy,GICS (WRDS)
170841,10,2911,Energy,GICS (WRDS)
171007,45,7372,Information Technology,GICS (WRDS)
171067,45,7370,Information Technology,GICS (WRDS)
175404,45,3674,Information Technology,GICS (WRDS)
176567,45,3570,Information Technology,GICS (WRDS)
176701,40,6211,Financials,GICS (WRDS)
176928,20,7373,Industrials,GICS (WRDS)
177088,40,6282,Financials,GICS (WRDS)
177227,35,3845,Health Care,GICS (WRDS)
177267,45,3678,Information Technology,GICS (WRDS)
178015,25,2300,Consumer Discretionary,GICS (WRDS)
178507,40,6282,Financials,GICS (WRDS)
178704,25,5990,Consumer Discretionary,GICS (WRDS)
179202,50,4899,Communication Services,GICS (WRDS)
179437,55,4941,Utilities,GICS (WRDS)
179534,40,6099,Financials,GICS (WRDS)
179621,30,2111,Consumer Staples,GICS (WRDS)
179741,40,6311,Financials,GICS (WRDS)
180652,20,8742,Industrials,GICS (WRDS)
180711,45,3674,Information Technology,GICS (WRDS)
183377,45,7372,Information Technology,GICS (WRDS)
183736,20,3621,Industrials,GICS (WRDS)
184254,40,6282,Financials,GICS (WRDS)
184500,40,6200,Financials,GICS (WRDS)
184700,40,7389,Financials,GICS (WRDS)
184725,45,3674,Information Technology,GICS (WRDS)
184996,25,3711,Consumer Discretionary,GICS (WRDS)
185532,10,4923,Energy,GICS (WRDS)
186310,20,3730,Industrials,GICS (WRDS)
186989,10,2911,Energy,GICS (WRDS)
187697,45,7370,Information Technology,GICS (WRDS)
189491,20,3561,Industrials,GICS (WRDS)
260774,60,6531,Real Estate,GICS (WRDS)
283184,15,2631,Materials,GICS (WRDS)
294524,15,2820,Materials,GICS (WRDS)
316056,20,3420,Industrials,GICS (WRDS)
1075,55,4911.0,Utilities,SIC mapping (CRSP fallback)
1078,15,2834.0,Materials,SIC mapping (CRSP fallback)
1161,45,3674.0,Information Technology,SIC mapping (CRSP fallback)
1209,15,2842.0,Materials,SIC mapping (CRSP fallback)
1300,25,3724.0,Consumer Discretionary,SIC mapping (CRSP fallback)
1327,45,3674.0,Information Technology,SIC mapping (CRSP fallback)
1440,55,4911.0,Utilities,SIC mapping (CRSP fallback)
1447,40,6141.0,Financials,SIC mapping (CRSP fallback)
1449,40,6321.0,Financials,SIC mapping (CRSP fallback)
1487,40,6331.0,Financials,SIC mapping (CRSP fallback)
1598,35,3823.0,Health Care,SIC mapping (CRSP fallback)
1602,15,2830.0,Materials,SIC mapping (CRSP fallback)
1632,45,3674.0,Information Technology,SIC mapping (CRSP fallback)
1678,15,1311.0,Materials,SIC mapping (CRSP fallback)
1690,20,3571.0,Industrials,SIC mapping (CRSP fallback)
1704,20,3550.0,Industrials,SIC mapping (CRSP fallback)
1722,30,2046.0,Consumer Staples,SIC mapping (CRSP fallback)
1878,45,7370.0,Information Technology,SIC mapping (CRSP fallback)
1891,45,7374.0,Information Technology,SIC mapping (CRSP fallback)
1913,15,2672.0,Materials,SIC mapping (CRSP fallback)
1988,20,3411.0,Industrials,SIC mapping (CRSP fallback)
2019,40,6022.0,Financials,SIC mapping (CRSP fallback)
2086,20,3841.0,Industrials,SIC mapping (CRSP fallback)
2111,20,3841.0,Industrials,SIC mapping (CRSP fallback)
2136,50,4813.0,Communication Services,SIC mapping (CRSP fallback)
2184,45,3679.0,Information Technology,SIC mapping (CRSP fallback)
2285,25,3721.0,Consumer Discretionary,SIC mapping (CRSP fallback)
2403,15,2834.0,Materials,SIC mapping (CRSP fallback)
2547,40,6324.0,Financials,SIC mapping (CRSP fallback)
2574,20,4011.0,Industrials,SIC mapping (CRSP fallback)
2663,30,2000.0,Consumer Staples,SIC mapping (CRSP fallback)
2710,30,2084.0,Consumer Staples,SIC mapping (CRSP fallback)
2751,20,5122.0,Industrials,SIC mapping (CRSP fallback)
2807,25,5331.0,Consumer Discretionary,SIC mapping (CRSP fallback)
2817,20,3531.0,Industrials,SIC mapping (CRSP fallback)
2968,40,6021.0,Financials,SIC mapping (CRSP fallback)
2991,10,2911.0,Energy,SIC mapping (CRSP fallback)
3026,15,2841.0,Materials,SIC mapping (CRSP fallback)
3062,25,2320.0,Consumer Discretionary,SIC mapping (CRSP fallback)
3121,15,2842.0,Materials,SIC mapping (CRSP fallback)
3144,30,2087.0,Consumer Staples,SIC mapping (CRSP fallback)
3170,15,2844.0,Materials,SIC mapping (CRSP fallback)
3221,40,6719.0,Financials,SIC mapping (CRSP fallback)
3226,50,4841.0,Communication Services,SIC mapping (CRSP fallback)
3243,40,6021.0,Financials,SIC mapping (CRSP fallback)
3362,30,2038.0,Consumer Staples,SIC mapping (CRSP fallback)
3413,55,4931.0,Utilities,SIC mapping (CRSP fallback)
3439,55,4931.0,Utilities,SIC mapping (CRSP fallback)
3504,20,3851.0,Industrials,SIC mapping (CRSP fallback)
3505,30,2082.0,Consumer Staples,SIC mapping (CRSP fallback)
3532,15,3229.0,Materials,SIC mapping (CRSP fallback)
3650,20,3519.0,Industrials,SIC mapping (CRSP fallback)
3735,35,3829.0,Health Care,SIC mapping (CRSP fallback)
3813,25,5331.0,Consumer Discretionary,SIC mapping (CRSP fallback)
3835,20,3523.0,Industrials,SIC mapping (CRSP fallback)
3851,20,4512.0,Industrials,SIC mapping (CRSP fallback)
3897,55,4911.0,Utilities,SIC mapping (CRSP fallback)
3980,25,7996.0,Consumer Discretionary,SIC mapping (CRSP fallback)
4016,25,5331.0,Consumer Discretionary,SIC mapping (CRSP fallback)
4029,15,1311.0,Materials,SIC mapping (CRSP fallback)
4058,20,3585.0,Industrials,SIC mapping (CRSP fallback)
4060,15,2821.0,Materials,SIC mapping (CRSP fallback)
4066,20,7311.0,Industrials,SIC mapping (CRSP fallback)
4093,55,4911.0,Utilities,SIC mapping (CRSP fallback)
4145,20,3845.0,Industrials,SIC mapping (CRSP fallback)
4199,20,8742.0,Industrials,SIC mapping (CRSP fallback)
4213,15,2841.0,Materials,SIC mapping (CRSP fallback)
4321,20,3491.0,Industrials,SIC mapping (CRSP fallback)
4383,55,4924.0,Utilities,SIC mapping (CRSP fallback)
4423,20,7389.0,Industrials,SIC mapping (CRSP fallback)
4430,15,1311.0,Materials,SIC mapping (CRSP fallback)
4494,20,4731.0,Industrials,SIC mapping (CRSP fallback)
4503,15,1311.0,Materials,SIC mapping (CRSP fallback)
4517,55,4911.0,Utilities,SIC mapping (CRSP fallback)
4598,20,4513.0,Industrials,SIC mapping (CRSP fallback)
4605,40,6798.0,Financials,SIC mapping (CRSP fallback)
4640,40,6711.0,Financials,SIC mapping (CRSP fallback)
4674,40,6022.0,Financials,SIC mapping (CRSP fallback)
4699,40,6022.0,Financials,SIC mapping (CRSP fallback)
4723,40,6021.0,Financials,SIC mapping (CRSP fallback)
4839,25,3711.0,Consumer Discretionary,SIC mapping (CRSP fallback)
4885,40,6282.0,Financials,SIC mapping (CRSP fallback)
4973,40,6411.0,Financials,SIC mapping (CRSP fallback)
5046,25,3721.0,Consumer Discretionary,SIC mapping (CRSP fallback)
5047,20,3511.0,Industrials,SIC mapping (CRSP fallback)
5071,30,2099.0,Consumer Staples,SIC mapping (CRSP fallback)
5073,25,3711.0,Consumer Discretionary,SIC mapping (CRSP fallback)
5125,20,5013.0,Industrials,SIC mapping (CRSP fallback)
5256,20,5085.0,Industrials,SIC mapping (CRSP fallback)
5439,15,1389.0,Materials,SIC mapping (CRSP fallback)
5492,35,3812.0,Health Care,SIC mapping (CRSP fallback)
5518,25,3944.0,Consumer Discretionary,SIC mapping (CRSP fallback)
5543,60,6513.0,Real Estate,SIC mapping (CRSP fallback)
5597,30,2066.0,Consumer Staples,SIC mapping (CRSP fallback)
5606,20,3571.0,Industrials,SIC mapping (CRSP fallback)
5643,25,7011.0,Consumer Discretionary,SIC mapping (CRSP fallback)
5680,25,5211.0,Consumer Discretionary,SIC mapping (CRSP fallback)
5709,30,2011.0,Consumer Staples,SIC mapping (CRSP fallback)
5742,55,4924.0,Utilities,SIC mapping (CRSP fallback)
5764,45,3699.0,Information Technology,SIC mapping (CRSP fallback)
5783,20,4213.0,Industrials,SIC mapping (CRSP fallback)
5786,40,6020.0,Financials,SIC mapping (CRSP fallback)
5878,20,3559.0,Industrials,SIC mapping (CRSP fallback)
5959,20,3564.0,Industrials,SIC mapping (CRSP fallback)
6008,45,3679.0,Information Technology,SIC mapping (CRSP fallback)
6066,20,3571.0,Industrials,SIC mapping (CRSP fallback)
6078,15,2869.0,Materials,SIC mapping (CRSP fallback)
6104,15,2621.0,Materials,SIC mapping (CRSP fallback)
6216,20,8711.0,Industrials,SIC mapping (CRSP fallback)
6223,20,1731.0,Industrials,SIC mapping (CRSP fallback)
6266,20,3841.0,Industrials,SIC mapping (CRSP fallback)
6268,20,5065.0,Industrials,SIC mapping (CRSP fallback)
6304,35,3827.0,Health Care,SIC mapping (CRSP fallback)
6310,55,4924.0,Utilities,SIC mapping (CRSP fallback)
6338,55,4931.0,Utilities,SIC mapping (CRSP fallback)
6435,15,2676.0,Materials,SIC mapping (CRSP fallback)
6502,25,5411.0,Consumer Discretionary,SIC mapping (CRSP fallback)
6565,20,3559.0,Industrials,SIC mapping (CRSP fallback)
6669,20,1531.0,Industrials,SIC mapping (CRSP fallback)
6730,15,2834.0,Materials,SIC mapping (CRSP fallback)
6774,25,3761.0,Consumer Discretionary,SIC mapping (CRSP fallback)
6781,40,6331.0,Financials,SIC mapping (CRSP fallback)
6829,25,5211.0,Consumer Discretionary,SIC mapping (CRSP fallback)
7063,40,6798.0,Financials,SIC mapping (CRSP fallback)
7085,20,3432.0,Industrials,SIC mapping (CRSP fallback)
7146,30,2099.0,Consumer Staples,SIC mapping (CRSP fallback)
7154,25,5812.0,Consumer Discretionary,SIC mapping (CRSP fallback)
7163,40,6282.0,Financials,SIC mapping (CRSP fallback)
7171,20,5122.0,Industrials,SIC mapping (CRSP fallback)
7228,20,3842.0,Industrials,SIC mapping (CRSP fallback)
7241,25,5912.0,Consumer Discretionary,SIC mapping (CRSP fallback)
7257,15,2834.0,Materials,SIC mapping (CRSP fallback)
7343,45,3674.0,Information Technology,SIC mapping (CRSP fallback)
7366,55,4911.0,Utilities,SIC mapping (CRSP fallback)
7435,20,3841.0,Industrials,SIC mapping (CRSP fallback)
7585,45,3663.0,Information Technology,SIC mapping (CRSP fallback)
7647,40,6029.0,Financials,SIC mapping (CRSP fallback)
7881,15,1041.0,Materials,SIC mapping (CRSP fallback)
7906,15,3021.0,Materials,SIC mapping (CRSP fallback)
7921,20,3560.0,Industrials,SIC mapping (CRSP fallback)
7923,20,4731.0,Industrials,SIC mapping (CRSP fallback)
7970,55,4924.0,Utilities,SIC mapping (CRSP fallback)
7974,55,4939.0,Utilities,SIC mapping (CRSP fallback)
7977,55,4911.0,Utilities,SIC mapping (CRSP fallback)
7982,40,6020.0,Financials,SIC mapping (CRSP fallback)
7985,35,3812.0,Health Care,SIC mapping (CRSP fallback)
8007,40,6021.0,Financials,SIC mapping (CRSP fallback)
8030,20,3441.0,Industrials,SIC mapping (CRSP fallback)
8068,15,1311.0,Materials,SIC mapping (CRSP fallback)
8099,55,4911.0,Utilities,SIC mapping (CRSP fallback)
8151,55,4924.0,Utilities,SIC mapping (CRSP fallback)
8245,40,6021.0,Financials,SIC mapping (CRSP fallback)
8247,15,2851.0,Materials,SIC mapping (CRSP fallback)
8253,25,3711.0,Consumer Discretionary,SIC mapping (CRSP fallback)
8264,55,4931.0,Utilities,SIC mapping (CRSP fallback)
8272,55,4932.0,Utilities,SIC mapping (CRSP fallback)
8358,20,3593.0,Industrials,SIC mapping (CRSP fallback)
8402,20,8700.0,Industrials,SIC mapping (CRSP fallback)
8455,55,4911.0,Utilities,SIC mapping (CRSP fallback)
8463,20,3491.0,Industrials,SIC mapping (CRSP fallback)
8479,30,2086.0,Consumer Staples,SIC mapping (CRSP fallback)
8530,15,2834.0,Materials,SIC mapping (CRSP fallback)
8539,55,4911.0,Utilities,SIC mapping (CRSP fallback)
8543,30,2111.0,Consumer Staples,SIC mapping (CRSP fallback)
8549,15,1382.0,Materials,SIC mapping (CRSP fallback)
8762,15,2844.0,Materials,SIC mapping (CRSP fallback)
8810,55,4931.0,Utilities,SIC mapping (CRSP fallback)
8823,20,1531.0,Industrials,SIC mapping (CRSP fallback)
8898,40,6211.0,Financials,SIC mapping (CRSP fallback)
9203,45,3621.0,Information Technology,SIC mapping (CRSP fallback)
9225,20,7342.0,Industrials,SIC mapping (CRSP fallback)
9248,25,5650.0,Consumer Discretionary,SIC mapping (CRSP fallback)
9465,25,5651.0,Consumer Discretionary,SIC mapping (CRSP fallback)
9667,15,2851.0,Materials,SIC mapping (CRSP fallback)
9771,45,3639.0,Information Technology,SIC mapping (CRSP fallback)
9777,30,2033.0,Consumer Staples,SIC mapping (CRSP fallback)
9778,25,5251.0,Consumer Discretionary,SIC mapping (CRSP fallback)
9783,40,6021.0,Financials,SIC mapping (CRSP fallback)
9846,55,4911.0,Utilities,SIC mapping (CRSP fallback)
9850,55,4911.0,Utilities,SIC mapping (CRSP fallback)
9882,20,4512.0,Industrials,SIC mapping (CRSP fallback)
9899,50,4812.0,Communication Services,SIC mapping (CRSP fallback)
10016,20,3429.0,Industrials,SIC mapping (CRSP fallback)
10035,40,6022.0,Financials,SIC mapping (CRSP fallback)
10096,40,6798.0,Financials,SIC mapping (CRSP fallback)
10115,20,3841.0,Industrials,SIC mapping (CRSP fallback)
10247,20,5149.0,Industrials,SIC mapping (CRSP fallback)
10453,35,3825.0,Health Care,SIC mapping (CRSP fallback)
10499,45,3674.0,Information Technology,SIC mapping (CRSP fallback)
10504,55,4941.0,Utilities,SIC mapping (CRSP fallback)
10519,25,3721.0,Consumer Discretionary,SIC mapping (CRSP fallback)
10530,35,3829.0,Health Care,SIC mapping (CRSP fallback)
10614,40,6311.0,Financials,SIC mapping (CRSP fallback)
10789,45,7372.0,Information Technology,SIC mapping (CRSP fallback)
10793,30,2015.0,Consumer Staples,SIC mapping (CRSP fallback)
10795,20,4512.0,Industrials,SIC mapping (CRSP fallback)
10860,55,4911.0,Utilities,SIC mapping (CRSP fallback)
10867,20,4011.0,Industrials,SIC mapping (CRSP fallback)
10894,40,6798.0,Financials,SIC mapping (CRSP fallback)
10903,40,6324.0,Financials,SIC mapping (CRSP fallback)
10920,20,4215.0,Industrials,SIC mapping (CRSP fallback)
10983,25,3724.0,Consumer Discretionary,SIC mapping (CRSP fallback)
11032,35,8062.0,Health Care,SIC mapping (CRSP fallback)
11228,15,1423.0,Materials,SIC mapping (CRSP fallback)
11259,25,5311.0,Consumer Discretionary,SIC mapping (CRSP fallback)
11376,15,3069.0,Materials,SIC mapping (CRSP fallback)
11399,20,3572.0,Industrials,SIC mapping (CRSP fallback)
11456,25,2435.0,Consumer Discretionary,SIC mapping (CRSP fallback)
11506,55,4922.0,Utilities,SIC mapping (CRSP fallback)
11511,25,5719.0,Consumer Discretionary,SIC mapping (CRSP fallback)
11550,55,4911.0,Utilities,SIC mapping (CRSP fallback)
11554,55,4931.0,Utilities,SIC mapping (CRSP fallback)
11672,25,5651.0,Consumer Discretionary,SIC mapping (CRSP fallback)
11811,45,7373.0,Information Technology,SIC mapping (CRSP fallback)
11856,40,6712.0,Financials,SIC mapping (CRSP fallback)
12124,40,6211.0,Financials,SIC mapping (CRSP fallback)
12138,40,6211.0,Financials,SIC mapping (CRSP fallback)
12141,45,7370.0,Information Technology,SIC mapping (CRSP fallback)
12142,45,7379.0,Information Technology,SIC mapping (CRSP fallback)
12441,20,8732.0,Industrials,SIC mapping (CRSP fallback)
12459,20,1531.0,Industrials,SIC mapping (CRSP fallback)
12540,45,7372.0,Information Technology,SIC mapping (CRSP fallback)
12635,45,7370.0,Information Technology,SIC mapping (CRSP fallback)
13125,40,6798.0,Financials,SIC mapping (CRSP fallback)
13341,40,6331.0,Financials,SIC mapping (CRSP fallback)
13421,45,7372.0,Information Technology,SIC mapping (CRSP fallback)
13498,20,4481.0,Industrials,SIC mapping (CRSP fallback)
13721,15,2834.0,Materials,SIC mapping (CRSP fallback)
13824,20,7389.0,Industrials,SIC mapping (CRSP fallback)
13988,40,6211.0,Financials,SIC mapping (CRSP fallback)
14225,25,5200.0,Consumer Discretionary,SIC mapping (CRSP fallback)
14282,45,3678.0,Information Technology,SIC mapping (CRSP fallback)
14418,25,7011.0,Consumer Discretionary,SIC mapping (CRSP fallback)
14477,55,4953.0,Utilities,SIC mapping (CRSP fallback)
14489,20,3571.0,Industrials,SIC mapping (CRSP fallback)
14561,35,3827.0,Health Care,SIC mapping (CRSP fallback)
14590,15,1021.0,Materials,SIC mapping (CRSP fallback)
14822,40,6331.0,Financials,SIC mapping (CRSP fallback)
14824,40,6330.0,Financials,SIC mapping (CRSP fallback)
14934,15,1311.0,Materials,SIC mapping (CRSP fallback)
14960,35,8071.0,Health Care,SIC mapping (CRSP fallback)
15044,45,7372.0,Information Technology,SIC mapping (CRSP fallback)
15247,10,2911.0,Energy,SIC mapping (CRSP fallback)
15267,20,3561.0,Industrials,SIC mapping (CRSP fallback)
15414,15,2836.0,Materials,SIC mapping (CRSP fallback)
15417,40,6411.0,Financials,SIC mapping (CRSP fallback)
15444,40,6799.0,Financials,SIC mapping (CRSP fallback)
15855,45,7372.0,Information Technology,SIC mapping (CRSP fallback)
16101,15,2834.0,Materials,SIC mapping (CRSP fallback)
16478,15,1311.0,Materials,SIC mapping (CRSP fallback)
16721,45,7372.0,Information Technology,SIC mapping (CRSP fallback)
17874,50,4812.0,Communication Services,SIC mapping (CRSP fallback)
17928,20,8731.0,Industrials,SIC mapping (CRSP fallback)
18699,45,7372.0,Information Technology,SIC mapping (CRSP fallback)
20232,35,3823.0,Health Care,SIC mapping (CRSP fallback)
20412,40,6282.0,Financials,SIC mapping (CRSP fallback)
20548,15,1311.0,Materials,SIC mapping (CRSP fallback)
20686,40,6021.0,Financials,SIC mapping (CRSP fallback)
20748,20,3577.0,Industrials,SIC mapping (CRSP fallback)
20779,45,3674.0,Information Technology,SIC mapping (CRSP fallback)
21825,40,6022.0,Financials,SIC mapping (CRSP fallback)
22260,35,8062.0,Health Care,SIC mapping (CRSP fallback)
22815,35,3810.0,Health Care,SIC mapping (CRSP fallback)
23071,45,7373.0,Information Technology,SIC mapping (CRSP fallback)
23809,25,5531.0,Consumer Discretionary,SIC mapping (CRSP fallback)
23812,15,2830.0,Materials,SIC mapping (CRSP fallback)
24197,15,2830.0,Materials,SIC mapping (CRSP fallback)
24216,55,4911.0,Utilities,SIC mapping (CRSP fallback)
24316,30,2086.0,Consumer Staples,SIC mapping (CRSP fallback)
24344,15,2830.0,Materials,SIC mapping (CRSP fallback)
24405,20,3577.0,Industrials,SIC mapping (CRSP fallback)
24468,15,2836.0,Materials,SIC mapping (CRSP fallback)
24617,20,4210.0,Industrials,SIC mapping (CRSP fallback)
24731,40,6798.0,Financials,SIC mapping (CRSP fallback)
24800,45,3663.0,Information Technology,SIC mapping (CRSP fallback)
24856,15,2830.0,Materials,SIC mapping (CRSP fallback)
24925,35,3823.0,Health Care,SIC mapping (CRSP fallback)
24975,45,7370.0,Information Technology,SIC mapping (CRSP fallback)
25124,15,2819.0,Materials,SIC mapping (CRSP fallback)
25279,20,3841.0,Industrials,SIC mapping (CRSP fallback)
25313,20,3841.0,Industrials,SIC mapping (CRSP fallback)
25340,20,1531.0,Industrials,SIC mapping (CRSP fallback)
25434,25,5810.0,Consumer Discretionary,SIC mapping (CRSP fallback)
26156,45,7372.0,Information Technology,SIC mapping (CRSP fallback)
26590,35,3823.0,Health Care,SIC mapping (CRSP fallback)
27914,40,6321.0,Financials,SIC mapping (CRSP fallback)
27928,45,7370.0,Information Technology,SIC mapping (CRSP fallback)
27965,45,3670.0,Information Technology,SIC mapping (CRSP fallback)
28034,40,6311.0,Financials,SIC mapping (CRSP fallback)
28180,25,5531.0,Consumer Discretionary,SIC mapping (CRSP fallback)
28191,20,4724.0,Industrials,SIC mapping (CRSP fallback)
28192,15,3355.0,Materials,SIC mapping (CRSP fallback)
28195,45,3672.0,Information Technology,SIC mapping (CRSP fallback)
28349,40,6331.0,Financials,SIC mapping (CRSP fallback)
28629,40,6798.0,Financials,SIC mapping (CRSP fallback)
28733,40,6798.0,Financials,SIC mapping (CRSP fallback)
28877,30,2086.0,Consumer Staples,SIC mapping (CRSP fallback)
28930,25,7011.0,Consumer Discretionary,SIC mapping (CRSP fallback)
29015,25,2389.0,Consumer Discretionary,SIC mapping (CRSP fallback)
29028,25,5330.0,Consumer Discretionary,SIC mapping (CRSP fallback)
29099,40,6798.0,Financials,SIC mapping (CRSP fallback)
29127,20,8731.0,Industrials,SIC mapping (CRSP fallback)
29389,40,6798.0,Financials,SIC mapping (CRSP fallback)
29649,40,6798.0,Financials,SIC mapping (CRSP fallback)
29733,15,1423.0,Materials,SIC mapping (CRSP fallback)
29736,25,5999.0,Consumer Discretionary,SIC mapping (CRSP fallback)
29751,15,2821.0,Materials,SIC mapping (CRSP fallback)
29804,40,6282.0,Financials,SIC mapping (CRSP fallback)
29875,40,6798.0,Financials,SIC mapping (CRSP fallback)
29901,20,5010.0,Industrials,SIC mapping (CRSP fallback)
29984,40,6798.0,Financials,SIC mapping (CRSP fallback)
30004,60,6531.0,Real Estate,SIC mapping (CRSP fallback)
30098,20,3564.0,Industrials,SIC mapping (CRSP fallback)
30293,40,6798.0,Financials,SIC mapping (CRSP fallback)
30822,40,6798.0,Financials,SIC mapping (CRSP fallback)
30990,40,6021.0,Financials,SIC mapping (CRSP fallback)
30999,25,5521.0,Consumer Discretionary,SIC mapping (CRSP fallback)
31587,25,5331.0,Consumer Discretionary,SIC mapping (CRSP fallback)
31673,20,5122.0,Industrials,SIC mapping (CRSP fallback)
31846,25,5812.0,Consumer Discretionary,SIC mapping (CRSP fallback)
31887,20,3841.0,Industrials,SIC mapping (CRSP fallback)
32106,20,3533.0,Industrials,SIC mapping (CRSP fallback)
32580,40,6798.0,Financials,SIC mapping (CRSP fallback)
34443,15,2821.0,Materials,SIC mapping (CRSP fallback)
35077,20,7389.0,Industrials,SIC mapping (CRSP fallback)
35168,15,721.0,Materials,SIC mapping (CRSP fallback)
36175,45,3679.0,Information Technology,SIC mapping (CRSP fallback)
36190,45,3679.0,Information Technology,SIC mapping (CRSP fallback)
36191,20,3585.0,Industrials,SIC mapping (CRSP fallback)
36910,45,7372.0,Information Technology,SIC mapping (CRSP fallback)
37420,25,5963.0,Consumer Discretionary,SIC mapping (CRSP fallback)
41897,15,2844.0,Materials,SIC mapping (CRSP fallback)
43197,35,3825.0,Health Care,SIC mapping (CRSP fallback)
45167,20,3841.0,Industrials,SIC mapping (CRSP fallback)
45169,55,4911.0,Utilities,SIC mapping (CRSP fallback)
51008,20,3570.0,Industrials,SIC mapping (CRSP fallback)
60979,25,3743.0,Consumer Discretionary,SIC mapping (CRSP fallback)
61302,40,6331.0,Financials,SIC mapping (CRSP fallback)
61380,40,6410.0,Financials,SIC mapping (CRSP fallback)
61388,40,6331.0,Financials,SIC mapping (CRSP fallback)
61420,20,5090.0,Industrials,SIC mapping (CRSP fallback)
61483,35,8092.0,Health Care,SIC mapping (CRSP fallback)
61494,20,5047.0,Industrials,SIC mapping (CRSP fallback)
61567,15,2844.0,Materials,SIC mapping (CRSP fallback)
61574,35,3826.0,Health Care,SIC mapping (CRSP fallback)
61591,20,3572.0,Industrials,SIC mapping (CRSP fallback)
61739,40,6331.0,Financials,SIC mapping (CRSP fallback)
62374,20,4226.0,Industrials,SIC mapping (CRSP fallback)
62689,40,6331.0,Financials,SIC mapping (CRSP fallback)
63172,45,7374.0,Information Technology,SIC mapping (CRSP fallback)
64030,15,3310.0,Materials,SIC mapping (CRSP fallback)
64166,35,8071.0,Health Care,SIC mapping (CRSP fallback)
64356,45,3661.0,Information Technology,SIC mapping (CRSP fallback)
64630,45,7370.0,Information Technology,SIC mapping (CRSP fallback)
64768,45,7370.0,Information Technology,SIC mapping (CRSP fallback)
64821,60,6531.0,Real Estate,SIC mapping (CRSP fallback)
64891,25,2321.0,Consumer Discretionary,SIC mapping (CRSP fallback)
64925,40,6798.0,Financials,SIC mapping (CRSP fallback)
64997,20,1731.0,Industrials,SIC mapping (CRSP fallback)
65417,25,5812.0,Consumer Discretionary,SIC mapping (CRSP fallback)
65609,20,4731.0,Industrials,SIC mapping (CRSP fallback)
65772,20,3596.0,Industrials,SIC mapping (CRSP fallback)
66065,20,7359.0,Industrials,SIC mapping (CRSP fallback)
66368,45,7372.0,Information Technology,SIC mapping (CRSP fallback)
66446,20,1731.0,Industrials,SIC mapping (CRSP fallback)
74813,20,8731.0,Industrials,SIC mapping (CRSP fallback)
